{"CART+AdaBoost":{"em":{"AC":0.748879,"TP":46,"FN":37,"FP":19,"TN":121},"mean":{"AC":0.744395,"TP":43,"FN":35,"FP":22,"TN":123},"mice":{"AC":0.744395,"TP":42,"FN":34,"FP":23,"TN":124},"knn1":{"AC":0.695067,"TP":42,"FN":45,"FP":23,"TN":113},"knn2":{"AC":0.717489,"TP":35,"FN":33,"FP":30,"TN":125},"knn3":{"AC":0.739910,"TP":44,"FN":37,"FP":21,"TN":121},"knn4":{"AC":0.721973,"TP":41,"FN":38,"FP":24,"TN":120},"knn5":{"AC":0.708520,"TP":38,"FN":38,"FP":27,"TN":120},"knn6":{"AC":0.704036,"TP":38,"FN":39,"FP":27,"TN":119},"knn7":{"AC":0.730942,"TP":43,"FN":38,"FP":22,"TN":120},"knn8":{"AC":0.730942,"TP":41,"FN":36,"FP":24,"TN":122},"knn9":{"AC":0.730942,"TP":41,"FN":36,"FP":24,"TN":122},"knn10":{"AC":0.730942,"TP":41,"FN":36,"FP":24,"TN":122},"pmm1":{"AC":0.753363,"TP":43,"FN":33,"FP":22,"TN":125},"pmm2":{"AC":0.730942,"TP":41,"FN":36,"FP":24,"TN":122},"pmm3":{"AC":0.757848,"TP":43,"FN":32,"FP":22,"TN":126},"pmm4":{"AC":0.739910,"TP":47,"FN":40,"FP":18,"TN":118},"pmm5":{"AC":0.730942,"TP":40,"FN":35,"FP":25,"TN":123},"drop":{"AC":0.777070,"TP":29,"FN":19,"FP":16,"TN":93},"dropI":{"AC":0.760563,"TP":43,"FN":31,"FP":20,"TN":119},"dropS":{"AC":0.783439,"TP":29,"FN":18,"FP":16,"TN":94},"dropIS":{"AC":0.758621,"TP":53,"FN":37,"FP":33,"TN":167}},"linear":{"em":{"AC":0.825112,"TP":46,"FN":20,"FP":19,"TN":138},"mean":{"AC":0.834081,"TP":43,"FN":15,"FP":22,"TN":143},"mice":{"AC":0.834081,"TP":43,"FN":15,"FP":22,"TN":143},"knn1":{"AC":0.802691,"TP":43,"FN":22,"FP":22,"TN":136},"knn2":{"AC":0.798206,"TP":37,"FN":17,"FP":28,"TN":141},"knn3":{"AC":0.825112,"TP":45,"FN":19,"FP":20,"TN":139},"knn4":{"AC":0.807175,"TP":43,"FN":21,"FP":22,"TN":137},"knn5":{"AC":0.807175,"TP":43,"FN":21,"FP":22,"TN":137},"knn6":{"AC":0.816143,"TP":43,"FN":19,"FP":22,"TN":139},"knn7":{"AC":0.811659,"TP":43,"FN":20,"FP":22,"TN":138},"knn8":{"AC":0.816143,"TP":43,"FN":19,"FP":22,"TN":139},"knn9":{"AC":0.816143,"TP":43,"FN":19,"FP":22,"TN":139},"knn10":{"AC":0.816143,"TP":43,"FN":19,"FP":22,"TN":139},"pmm1":{"AC":0.789238,"TP":40,"FN":22,"FP":25,"TN":136},"pmm2":{"AC":0.825112,"TP":46,"FN":20,"FP":19,"TN":138},"pmm3":{"AC":0.820628,"TP":43,"FN":18,"FP":22,"TN":140},"pmm4":{"AC":0.825112,"TP":45,"FN":19,"FP":20,"TN":139},"pmm5":{"AC":0.816143,"TP":44,"FN":20,"FP":21,"TN":138},"drop":{"AC":0.847134,"TP":33,"FN":12,"FP":12,"TN":100},"dropI":{"AC":0.830986,"TP":41,"FN":14,"FP":22,"TN":136},"dropS":{"AC":0.853503,"TP":33,"FN":11,"FP":12,"TN":101},"dropIS":{"AC":0.800000,"TP":49,"FN":21,"FP":37,"TN":183}},"rbf":{"em":{"AC":0.820628,"TP":41,"FN":16,"FP":24,"TN":142},"mean":{"AC":0.807175,"TP":40,"FN":18,"FP":25,"TN":140},"mice":{"AC":0.807175,"TP":40,"FN":18,"FP":25,"TN":140},"knn1":{"AC":0.816143,"TP":45,"FN":21,"FP":20,"TN":137},"knn2":{"AC":0.807175,"TP":42,"FN":20,"FP":23,"TN":138},"knn3":{"AC":0.798206,"TP":42,"FN":22,"FP":23,"TN":136},"knn4":{"AC":0.802691,"TP":42,"FN":21,"FP":23,"TN":137},"knn5":{"AC":0.798206,"TP":40,"FN":20,"FP":25,"TN":138},"knn6":{"AC":0.789238,"TP":38,"FN":20,"FP":27,"TN":138},"knn7":{"AC":0.784753,"TP":37,"FN":20,"FP":28,"TN":138},"knn8":{"AC":0.784753,"TP":38,"FN":21,"FP":27,"TN":137},"knn9":{"AC":0.784753,"TP":38,"FN":21,"FP":27,"TN":137},"knn10":{"AC":0.784753,"TP":38,"FN":21,"FP":27,"TN":137},"pmm1":{"AC":0.802691,"TP":43,"FN":22,"FP":22,"TN":136},"pmm2":{"AC":0.811659,"TP":43,"FN":20,"FP":22,"TN":138},"pmm3":{"AC":0.793722,"TP":42,"FN":23,"FP":23,"TN":135},"pmm4":{"AC":0.802691,"TP":41,"FN":20,"FP":24,"TN":138},"pmm5":{"AC":0.807175,"TP":40,"FN":18,"FP":25,"TN":140},"drop":{"AC":0.796178,"TP":29,"FN":16,"FP":16,"TN":96},"dropI":{"AC":0.798122,"TP":35,"FN":15,"FP":28,"TN":135},"dropS":{"AC":0.834395,"TP":33,"FN":14,"FP":12,"TN":98},"dropIS":{"AC":0.820690,"TP":56,"FN":22,"FP":30,"TN":182}},"poly":{"em":{"AC":0.816143,"TP":32,"FN":8,"FP":33,"TN":150},"mean":{"AC":0.802691,"TP":30,"FN":9,"FP":35,"TN":149},"mice":{"AC":0.802691,"TP":30,"FN":9,"FP":35,"TN":149},"knn1":{"AC":0.802691,"TP":29,"FN":8,"FP":36,"TN":150},"knn2":{"AC":0.807175,"TP":31,"FN":9,"FP":34,"TN":149},"knn3":{"AC":0.816143,"TP":31,"FN":7,"FP":34,"TN":151},"knn4":{"AC":0.802691,"TP":31,"FN":10,"FP":34,"TN":148},"knn5":{"AC":0.807175,"TP":31,"FN":9,"FP":34,"TN":149},"knn6":{"AC":0.807175,"TP":31,"FN":9,"FP":34,"TN":149},"knn7":{"AC":0.802691,"TP":30,"FN":9,"FP":35,"TN":149},"knn8":{"AC":0.798206,"TP":29,"FN":9,"FP":36,"TN":149},"knn9":{"AC":0.798206,"TP":29,"FN":9,"FP":36,"TN":149},"knn10":{"AC":0.798206,"TP":29,"FN":9,"FP":36,"TN":149},"pmm1":{"AC":0.784753,"TP":28,"FN":11,"FP":37,"TN":147},"pmm2":{"AC":0.780269,"TP":24,"FN":8,"FP":41,"TN":150},"pmm3":{"AC":0.780269,"TP":25,"FN":9,"FP":40,"TN":149},"pmm4":{"AC":0.784753,"TP":23,"FN":6,"FP":42,"TN":152},"pmm5":{"AC":0.789238,"TP":27,"FN":9,"FP":38,"TN":149},"drop":{"AC":0.808917,"TP":20,"FN":5,"FP":25,"TN":107},"dropI":{"AC":0.802817,"TP":26,"FN":5,"FP":37,"TN":145},"dropS":{"AC":0.815287,"TP":21,"FN":5,"FP":24,"TN":107},"dropIS":{"AC":0.765517,"TP":30,"FN":12,"FP":56,"TN":192}},"knn":{"em":{"AC":0.834081,"TP":40,"FN":12,"FP":25,"TN":146},"mean":{"AC":0.798206,"TP":33,"FN":13,"FP":32,"TN":145},"mice":{"AC":0.798206,"TP":33,"FN":13,"FP":32,"TN":145},"knn1":{"AC":0.807175,"TP":37,"FN":15,"FP":28,"TN":143},"knn2":{"AC":0.784753,"TP":33,"FN":16,"FP":32,"TN":142},"knn3":{"AC":0.771300,"TP":33,"FN":19,"FP":32,"TN":139},"knn4":{"AC":0.789238,"TP":36,"FN":18,"FP":29,"TN":140},"knn5":{"AC":0.771300,"TP":33,"FN":19,"FP":32,"TN":139},"knn6":{"AC":0.775785,"TP":33,"FN":18,"FP":32,"TN":140},"knn7":{"AC":0.789238,"TP":36,"FN":18,"FP":29,"TN":140},"knn8":{"AC":0.802691,"TP":36,"FN":15,"FP":29,"TN":143},"knn9":{"AC":0.802691,"TP":36,"FN":15,"FP":29,"TN":143},"knn10":{"AC":0.802691,"TP":36,"FN":15,"FP":29,"TN":143},"pmm1":{"AC":0.807175,"TP":37,"FN":15,"FP":28,"TN":143},"pmm2":{"AC":0.780269,"TP":34,"FN":18,"FP":31,"TN":140},"pmm3":{"AC":0.780269,"TP":35,"FN":19,"FP":30,"TN":139},"pmm4":{"AC":0.789238,"TP":34,"FN":16,"FP":31,"TN":142},"pmm5":{"AC":0.793722,"TP":34,"FN":15,"FP":31,"TN":143},"drop":{"AC":0.821656,"TP":25,"FN":8,"FP":20,"TN":104},"dropI":{"AC":0.765258,"TP":27,"FN":14,"FP":36,"TN":136},"dropS":{"AC":0.815287,"TP":25,"FN":9,"FP":20,"TN":103},"dropIS":{"AC":0.775862,"TP":46,"FN":25,"FP":40,"TN":179}},"gini":{"em":{"AC":0.663677,"TP":37,"FN":47,"FP":28,"TN":111},"mean":{"AC":0.708520,"TP":43,"FN":43,"FP":22,"TN":115},"mice":{"AC":0.721973,"TP":43,"FN":40,"FP":22,"TN":118},"knn1":{"AC":0.704036,"TP":35,"FN":36,"FP":30,"TN":122},"knn2":{"AC":0.695067,"TP":40,"FN":43,"FP":25,"TN":115},"knn3":{"AC":0.704036,"TP":42,"FN":43,"FP":23,"TN":115},"knn4":{"AC":0.704036,"TP":38,"FN":39,"FP":27,"TN":119},"knn5":{"AC":0.726457,"TP":44,"FN":40,"FP":21,"TN":118},"knn6":{"AC":0.681614,"TP":41,"FN":47,"FP":24,"TN":111},"knn7":{"AC":0.748879,"TP":43,"FN":34,"FP":22,"TN":124},"knn8":{"AC":0.699552,"TP":40,"FN":42,"FP":25,"TN":116},"knn9":{"AC":0.668161,"TP":38,"FN":47,"FP":27,"TN":111},"knn10":{"AC":0.672646,"TP":38,"FN":46,"FP":27,"TN":112},"pmm1":{"AC":0.699552,"TP":43,"FN":45,"FP":22,"TN":113},"pmm2":{"AC":0.690583,"TP":34,"FN":38,"FP":31,"TN":120},"pmm3":{"AC":0.699552,"TP":35,"FN":37,"FP":30,"TN":121},"pmm4":{"AC":0.717489,"TP":43,"FN":41,"FP":22,"TN":117},"pmm5":{"AC":0.677130,"TP":38,"FN":45,"FP":27,"TN":113},"drop":{"AC":0.757962,"TP":30,"FN":23,"FP":15,"TN":89},"dropI":{"AC":0.746479,"TP":36,"FN":27,"FP":27,"TN":123},"dropS":{"AC":0.789809,"TP":31,"FN":19,"FP":14,"TN":93},"dropIS":{"AC":0.731034,"TP":50,"FN":42,"FP":36,"TN":162}},"entropy":{"em":{"AC":0.721973,"TP":40,"FN":37,"FP":25,"TN":121},"mean":{"AC":0.704036,"TP":33,"FN":34,"FP":32,"TN":124},"mice":{"AC":0.686099,"TP":34,"FN":39,"FP":31,"TN":119},"knn1":{"AC":0.726457,"TP":42,"FN":38,"FP":23,"TN":120},"knn2":{"AC":0.726457,"TP":42,"FN":38,"FP":23,"TN":120},"knn3":{"AC":0.677130,"TP":40,"FN":47,"FP":25,"TN":111},"knn4":{"AC":0.699552,"TP":41,"FN":43,"FP":24,"TN":115},"knn5":{"AC":0.735426,"TP":39,"FN":33,"FP":26,"TN":125},"knn6":{"AC":0.730942,"TP":48,"FN":43,"FP":17,"TN":115},"knn7":{"AC":0.730942,"TP":43,"FN":38,